feature1,feature2,feature3,feature4
0.5621273329157116,96,B,0.5079733044486684
0.8530417975701375,46,A,0.7053068207922795
0.13196274407326813,61,A,0.2045801796194504
0.013484902953756817,13,B,0.6493112844671302
0.4903715455811588,80,A,0.3661670993238638
0.8874802008016147,16,A,0.5828862077882384
0.5452562525832784,53,B,0.5007492538350288
0.14050328213352903,26,B,0.9613896253532205
0.43154156200791505,8,C,0.7200346007570627
0.09812527146010419,24,A,0.43235273101418814
